"","rows","Values"
"1","casual",1748.89996593115
"2","member",762.891493945299
